id;title;description;link;image_link;price;availability;item_group_id
596;"Cast Iron Cauldron With Triple Moon";"<table width=""1790""> <tbody> <tr> <td width=""1790"">Â A large cast iron cauldron with triple moon design.</td> </tr> </tbody> </table>";https://www.eclecticcharge.com/shop/home-decor/cauldrons/triple-moon-cauldren/;https://www.eclecticcharge.com/wp-content/uploads/2021/04/15cm-Cast-Iron-Cauldron-With-Triple-Moon-1.jpg;"25.00 USD";"in stock";
597;"Mini Cauldron With Pentagram";"A small cast iron cauldron with pentagram design.";https://www.eclecticcharge.com/shop/home-decor/cauldrons/cast-iron-cauldron-with-pentagram/;https://www.eclecticcharge.com/wp-content/uploads/2021/04/Mini-Cauldron-1.jpg;"15.00 USD";"in stock";
598;"3 Card Tarot Spread Altar Cloth";;https://www.eclecticcharge.com/shop/magick-supplies/altar-cloth/3-card-tarot-spread-altar-cloth/;https://www.eclecticcharge.com/wp-content/uploads/2021/04/3-Card-Tarot-Spread-Altar-Cloth-1.jpg;"15.00 USD";"out of stock";
599;"Triple Moon Pentacle Altar Cloth";;https://www.eclecticcharge.com/shop/magick-supplies/altar-cloth/triple-moon-pentacle-altar-cloth/;https://www.eclecticcharge.com/wp-content/uploads/2021/04/65x65cm-Triple-Moon-Pentacle-Altar-Cloth-1.jpg;"20.00 USD";"out of stock";
602;"4 Card Tarot Spread Altar Cloth";;https://www.eclecticcharge.com/shop/magick-supplies/altar-cloth/4-card-tarot-spread-altar-cloth/;https://www.eclecticcharge.com/wp-content/uploads/2021/04/4-Card-Tarot-Spread-Altar-Cloth-1.jpg;"15.00 USD";"out of stock";
605;"Pentagram Altar Cloth";;https://www.eclecticcharge.com/shop/magick-supplies/altar-cloth/pentagram-altar-cloth/;https://www.eclecticcharge.com/wp-content/uploads/2021/04/94x94cm-Large-Pentagram-Altar-Cloth-1.jpg;"15.00 USD";"out of stock";
606;"Star Sign Altar Cloth";;https://www.eclecticcharge.com/shop/magick-supplies/altar-cloth/star-sign-altar-cloth/;https://www.eclecticcharge.com/wp-content/uploads/2021/04/Star-Sign-Altar-Cloth-1.jpg;"15.00 USD";"out of stock";
615;"Bronze Buddha Head Backflow Incense Burner";;https://www.eclecticcharge.com/shop/meditative/meditative-decor/bronze-buddha-head-backflow-incense-burner/;https://www.eclecticcharge.com/wp-content/uploads/2021/04/Bronze-Buddha-Head-Backflow-Incense-Burner-1.jpg;"15.00 USD";"in stock";
652;"Talking Board Altar Cloth";;https://www.eclecticcharge.com/shop/magick-supplies/altar-cloth/talking-board-altar-cloth/;https://www.eclecticcharge.com/wp-content/uploads/2021/04/70x70cm-Talking-Board-Altar-Cloth-1.jpg;"15.00 USD";"out of stock";
653;"Triple Moon Altar Cloth";;https://www.eclecticcharge.com/shop/magick-supplies/altar-cloth/triple-moon-altar-cloth/;https://www.eclecticcharge.com/wp-content/uploads/2021/04/0x70cm-Triple-Moon-Altar-Cloth-1.jpg;"15.00 USD";"out of stock";
696;"Black Ceramic Palmistry Hand Ornament";;https://www.eclecticcharge.com/shop/home-decor/decor/black-ceramic-palmistry-hand-ornament/;https://www.eclecticcharge.com/wp-content/uploads/2021/04/Black-Ceramic-Palmistry-Hand-Ornament-1.jpg;"20.00 USD";"in stock";
698;"White Ceramic Palmistry Hand Ornament";;https://www.eclecticcharge.com/shop/home-decor/decor/white-ceramic-palmistry-hand-ornament/;https://www.eclecticcharge.com/wp-content/uploads/2021/04/White-Ceramic-Palmistry-Hand-Ornament-1.jpg;"20.00 USD";"in stock";
702;"Black Talking Board Trinket Dish";;https://www.eclecticcharge.com/shop/home-decor/decor/black-talking-board-trinket-dish/;https://www.eclecticcharge.com/wp-content/uploads/2021/04/Black-Talking-Board-Trinket-Dish-1.jpg;"10.00 USD";"out of stock";
703;"Black Triple Moon Cut Out Oil Burner";;https://www.eclecticcharge.com/shop/home-decor/decor/black-triple-moon-cut-out-oil-burner/;https://www.eclecticcharge.com/wp-content/uploads/2021/04/Black-Triple-Moon-Cut-Out-Oil-Burner-1.jpg;"15.00 USD";"out of stock";
705;"Hamsa Incense Holder Plate";;https://www.eclecticcharge.com/shop/meditative/incense/hamsa-incense-holder-plate/;https://www.eclecticcharge.com/wp-content/uploads/2021/04/Hamsa-Incense-Plate-1.jpg;"20.00 USD";"in stock";
707;"Chakra and Buddha Incense Holder";;https://www.eclecticcharge.com/shop/meditative/incense/chakra-and-buddha-incense-holder/;https://www.eclecticcharge.com/wp-content/uploads/2021/04/Chakra-and-Buddha-Incense-Holder-3.jpg;"25.00 USD";"in stock";
718;"Fortune Telling Ceramic Teacup";;https://www.eclecticcharge.com/shop/home-decor/dishware/fortune-telling-ceramic-teacup/;https://www.eclecticcharge.com/wp-content/uploads/2021/04/Fortune-Telling-Ceramic-Teacup-1.jpg;"30.00 USD";"in stock";
721;"Flower of Life Altar Table";;https://www.eclecticcharge.com/shop/magick-supplies/altar-tables/large-flower-of-life-altar-table/;https://www.eclecticcharge.com/wp-content/uploads/2021/04/Large-Flower-of-Life-Altar-Table-1.jpg;"60.00 USD";"out of stock";
724;"Pentagram Altar Table";;https://www.eclecticcharge.com/shop/magick-supplies/altar-tables/pentagram-altar-table/;https://www.eclecticcharge.com/wp-content/uploads/2021/04/Large-Pentagram-Altar-Table-1.jpg;"60.00 USD";"out of stock";
726;"Triple Moon Altar Table";;https://www.eclecticcharge.com/shop/magick-supplies/altar-tables/triple-moon-altar-table/;https://www.eclecticcharge.com/wp-content/uploads/2021/04/Large-Triple-Moon-Altar-Table-1.jpg;"60.00 USD";"out of stock";
727;"Triquetra Altar Table";;https://www.eclecticcharge.com/shop/magick-supplies/altar-tables/triquetra-altar-table/;https://www.eclecticcharge.com/wp-content/uploads/2021/04/Large-Triquetra-Altar-Table-1.jpg;"60.00 USD";"out of stock";
731;"Metatrons Cube Altar Cloth";;https://www.eclecticcharge.com/shop/magick-supplies/altar-cloth/metatrons-cube-altar-cloth/;https://www.eclecticcharge.com/wp-content/uploads/2021/04/Metatrons-Cube-Altar-Cloth-1.jpg;"20.00 USD";"out of stock";
734;"Pack of 12 Black 'Protection' Spell Candles";;https://www.eclecticcharge.com/shop/magick-supplies/candles/pack-of-12-black-protection-spell-candles/;https://www.eclecticcharge.com/wp-content/uploads/2021/04/Pack-of-12-Black-Protection-Spell-Candles-1.jpg;"11.00 USD";"in stock";
739;"Pack of 12 Blue 'Wisdom' Spell Candles";;https://www.eclecticcharge.com/shop/magick-supplies/candles/pack-of-12-blue-wisdom-spell-candles/;https://www.eclecticcharge.com/wp-content/uploads/2021/04/Pack-of-12-Blue-Wisdom-Spell-Candles-1.jpg;"11.00 USD";"in stock";
740;"Pack of 12 Green 'Luck' Spell Candles";;https://www.eclecticcharge.com/shop/magick-supplies/candles/pack-of-12-green-luck-spell-candles/;https://www.eclecticcharge.com/wp-content/uploads/2021/04/Pack-of-12-Green-Luck-Spell-Candles-1.jpg;"11.00 USD";"out of stock";
741;"Pack of 12 Light Blue 'Peace' Spell Candles";;https://www.eclecticcharge.com/shop/magick-supplies/candles/pack-of-12-light-blue-peace-spell-candles/;https://www.eclecticcharge.com/wp-content/uploads/2021/04/Pack-of-12-Light-Blue-Peace-Spell-Candles-1-1.jpg;"11.00 USD";"in stock";
745;"Pack of 12 Mixed Spell Candles";;https://www.eclecticcharge.com/shop/magick-supplies/candles/pack-of-12-mixed-spell-candles/;https://www.eclecticcharge.com/wp-content/uploads/2021/04/Pack-of-12-Mixed-Spell-Candles-1.jpg;"11.00 USD";"in stock";
746;"Pack of 12 Orange 'Confidence' Spell Candles";;https://www.eclecticcharge.com/shop/magick-supplies/candles/pack-of-12-orange-confidence-spell-candles/;https://www.eclecticcharge.com/wp-content/uploads/2021/04/Pack-of-12-Orange-Confidence-Spell-Candles-1.jpg;"11.00 USD";"in stock";
747;"Pack of 12 Pink 'Friendship' Spell Candles";;https://www.eclecticcharge.com/shop/magick-supplies/candles/pack-of-12-pink-friendship-spell-candles/;https://www.eclecticcharge.com/wp-content/uploads/2021/04/Pack-of-12-Pink-Friendship-Spell-Candles-1.jpg;"11.00 USD";"out of stock";
748;"Pack of 12 Purple 'Prosperity' Spell Candles";;https://www.eclecticcharge.com/shop/magick-supplies/candles/pack-of-12-purple-prosperity-spell-candles/;https://www.eclecticcharge.com/wp-content/uploads/2021/04/Pack-of-12-Purple-Prosperity-Spell-Candles-1.jpg;"11.00 USD";"in stock";
749;"Pack of 12 Red 'Love' Spell Candles";;https://www.eclecticcharge.com/shop/magick-supplies/candles/pack-of-12-red-love-spell-candles/;https://www.eclecticcharge.com/wp-content/uploads/2021/04/Pack-of-12-Red-Love-Spell-Candles-1.jpg;"11.00 USD";"out of stock";
750;"Pack of 12 White 'Happiness' Spell Candles";;https://www.eclecticcharge.com/shop/magick-supplies/candles/pack-of-12-white-happiness-spell-candles/;https://www.eclecticcharge.com/wp-content/uploads/2021/04/Pack-of-12-White-Happiness-Spell-Candles-1.jpg;"11.00 USD";"in stock";
751;"Pack of 6 Blue Beeswax Spell Candles";;https://www.eclecticcharge.com/shop/magick-supplies/candles/pack-of-12-yellow-success-spell-candles/;https://www.eclecticcharge.com/wp-content/uploads/2021/04/Pack-of-6-Blue-Beeswax-Spell-Candles-1.jpg;"13.00 USD";"out of stock";
753;"Pack of 12 Yellow 'Success' Spell Candles";;https://www.eclecticcharge.com/shop/magick-supplies/candles/pack-of-12-yellow-success-spell-candles-2/;https://www.eclecticcharge.com/wp-content/uploads/2021/04/Pack-of-12-Yellow-Success-Spell-Candles-1.jpg;"11.00 USD";"out of stock";
754;"Pack of 6 Brown Beeswax Spell Candles";;https://www.eclecticcharge.com/shop/magick-supplies/candles/pack-of-6-brown-beeswax-spell-candles/;https://www.eclecticcharge.com/wp-content/uploads/2021/04/Pack-of-6-Brown-Beeswax-Spell-Candles-1.jpg;"13.00 USD";"in stock";
755;"Pack of 6 Green Beeswax Spell Candles";;https://www.eclecticcharge.com/shop/magick-supplies/candles/pack-of-6-green-beeswax-spell-candles/;https://www.eclecticcharge.com/wp-content/uploads/2021/04/Pack-of-6-Green-Beeswax-Spell-Candles-1.jpg;"13.00 USD";"in stock";
756;"Pack of 6 Orange Beeswax Spell Candles";;https://www.eclecticcharge.com/shop/magick-supplies/candles/pack-of-6-orange-beeswax-spell-candles/;https://www.eclecticcharge.com/wp-content/uploads/2021/04/Pack-of-6-Orange-Beeswax-Spell-Candles-1.jpg;"13.00 USD";"in stock";
757;"Pack of 6 Pink Beeswax Spell Candles";;https://www.eclecticcharge.com/shop/magick-supplies/candles/pack-of-6-pink-beeswax-spell-candles/;https://www.eclecticcharge.com/wp-content/uploads/2021/04/Pack-of-6-Pink-Beeswax-Spell-Candles-1.jpg;"13.00 USD";"in stock";
760;"Pack of 6 Red Beeswax Spell Candles";;https://www.eclecticcharge.com/shop/magick-supplies/candles/pack-of-6-red-beeswax-spell-candles/;https://www.eclecticcharge.com/wp-content/uploads/2021/04/Pack-of-6-Red-Beeswax-Spell-Candles-1.jpg;"13.00 USD";"in stock";
761;"Pack of 6 White Beeswax Spell Candles";;https://www.eclecticcharge.com/shop/magick-supplies/candles/pack-of-6-white-beeswax-spell-candles/;https://www.eclecticcharge.com/wp-content/uploads/2021/04/Pack-of-6-White-Beeswax-Spell-Candles-1.jpg;"13.00 USD";"in stock";
764;"Palmistry Resin Ash Catcher";;https://www.eclecticcharge.com/shop/home-decor/decor/palmistry-resin-ash-catcher/;https://www.eclecticcharge.com/wp-content/uploads/2021/04/Palmistry-Resin-Ash-Catcher-1.jpg;"10.00 USD";"out of stock";
768;"Pentagram Spell Candle Holder";;https://www.eclecticcharge.com/shop/magick-supplies/candles/pentagram-spell-candle-holder/;https://www.eclecticcharge.com/wp-content/uploads/2021/04/Pentagram-Spell-Candle-Holder-1.jpg;"3.00 USD";"out of stock";
769;"Pentagram Tea Light Candle Holder";;https://www.eclecticcharge.com/shop/magick-supplies/candles/pentagram-tea-light-candle-holder/;https://www.eclecticcharge.com/wp-content/uploads/2021/04/Pentagram-Tea-Light-Candle-Holder-1.jpg;"10.00 USD";"out of stock";
773;"Purple Tarot Hands Drawstring Pouch";;https://www.eclecticcharge.com/shop/magick-supplies/cards/purple-tarot-hands-drawstring-pouch/;https://www.eclecticcharge.com/wp-content/uploads/2021/04/Purple-Tarot-Hands-Drawstring-Pouch-1.jpg;"10.00 USD";"out of stock";
778;"Resin Palmistry Incense Holder";;https://www.eclecticcharge.com/shop/home-decor/decor/resin-palmistry-incense-holder/;https://www.eclecticcharge.com/wp-content/uploads/2021/04/Resin-Palmistry-Incense-Holder-1.jpg;"13.00 USD";"in stock";
779;"Resting Witch Face Stemless Wine Glass";;https://www.eclecticcharge.com/shop/home-decor/dishware/wine-glass/;https://www.eclecticcharge.com/wp-content/uploads/2021/04/Resting-Witch-Face-Stemless-Wine-Glass-1.jpg;"20.00 USD";"in stock";
781;"Sitting Thai Buddha";;https://www.eclecticcharge.com/shop/meditative/meditative-decor/sitting-thai-buddha/;https://www.eclecticcharge.com/wp-content/uploads/2021/04/Sitting-Thai-Buddha-1.jpg;"20.00 USD";"out of stock";
785;"Small Grey Buddha Head Oil Burner";;https://www.eclecticcharge.com/shop/meditative/small-grey-buddha-head-oil-burner/;https://www.eclecticcharge.com/wp-content/uploads/2021/04/Small-Grey-Buddha-Head-Oil-Burner-1.jpg;"15.00 USD";"out of stock";
791;"Talking Board Spell Candle Holder";;https://www.eclecticcharge.com/shop/home-decor/decor/talking-board-spell-candle-holder/;https://www.eclecticcharge.com/wp-content/uploads/2021/04/Talking-Board-Spell-Candle-Holder-1.jpg;"10.00 USD";"in stock";
792;"Tall Chakra Candle";;https://www.eclecticcharge.com/shop/meditative/meditative-candles/tall-chakra-candle/;https://www.eclecticcharge.com/wp-content/uploads/2021/04/Tall-Chakra-Candle-1.jpg;"15.00 USD";"out of stock";
